{"q_st_start": 1.9882800579071045, "q_st_end": 2.5618629455566406, "q_ae_start": 0.014565151184797287, "q_ae_end": 0.014780164696276188}