{"q_st_start": 2.752274990081787, "q_st_end": 3.0203404426574707, "q_ae_start": 0.013749243691563606, "q_ae_end": 0.014669076539576054}