{"out_channels": 384, "teacher_mean": [[[[-0.0053016673773527145]], [[-0.3471911549568176]], [[-0.3842417597770691]], [[-0.33050963282585144]], [[0.6328170299530029]], [[-0.24561545252799988]], [[0.17029418051242828]], [[0.5711928606033325]], [[0.3488972783088684]], [[-0.5217538475990295]], [[-0.9552885293960571]], [[-0.17932003736495972]], [[0.1794535219669342]], [[-0.46907299757003784]], [[0.30195412039756775]], [[-0.4814034700393677]], [[-0.048472728580236435]], [[0.21799568831920624]], [[-0.5892372131347656]], [[-0.013946466147899628]], [[-0.7332346439361572]], [[-0.4903796315193176]], [[-0.4667915999889374]], [[-0.2270149290561676]], [[-0.23317953944206238]], [[-0.12692761421203613]], [[0.3552118241786957]], [[0.39460358023643494]], [[-0.0647730678319931]], [[-0.21599510312080383]], [[0.31037575006484985]], [[0.07800570130348206]], [[-0.06874361634254456]], [[-0.49327123165130615]], [[0.1765870898962021]], [[-0.12614554166793823]], [[0.40422138571739197]], [[0.6085846424102783]], [[-0.7258883714675903]], [[1.1834770441055298]], [[0.5032459497451782]], [[0.16725973784923553]], [[-0.4423392415046692]], [[-0.3867146074771881]], [[-0.07070314139127731]], [[0.17332738637924194]], [[-0.3487308919429779]], [[-0.03792523220181465]], [[0.2393067181110382]], [[0.15185946226119995]], [[0.04837125539779663]], [[-0.7529026865959167]], [[0.5556212663650513]], [[-0.361110121011734]], [[-0.4428700804710388]], [[0.00967993400990963]], [[-0.2451631724834442]], [[-0.5423882603645325]], [[-1.0787171125411987]], [[-0.12036943435668945]], [[0.821635901927948]], [[0.5049461722373962]], [[-0.09070520848035812]], [[0.6364664435386658]], [[0.4473237693309784]], [[0.4244888722896576]], [[0.049150705337524414]], [[0.726218044757843]], [[-0.03077048435807228]], [[-0.0984034612774849]], [[-0.339405357837677]], [[0.6444908976554871]], [[-0.5715869069099426]], [[0.21907424926757812]], [[-0.45207104086875916]], [[-0.4034011960029602]], [[-0.856502115726471]], [[-0.9970055222511292]], [[0.4152502119541168]], [[0.05558061972260475]], [[-0.46064844727516174]], [[0.9301525950431824]], [[0.32033535838127136]], [[0.3172963261604309]], [[-0.6213861107826233]], [[-0.08001259714365005]], [[-0.6416749954223633]], [[-0.0819752961397171]], [[-0.7241237759590149]], [[-0.45980721712112427]], [[0.025662949308753014]], [[-0.7620202898979187]], [[-0.5140421986579895]], [[0.48181870579719543]], [[-0.40852612257003784]], [[0.25836044549942017]], [[0.4157809317111969]], [[-0.09481009095907211]], [[-0.3068080544471741]], [[0.25697898864746094]], [[0.29291513562202454]], [[0.0006699560326524079]], [[0.7096136212348938]], [[0.5468075275421143]], [[0.11920300126075745]], [[-0.12021567672491074]], [[-0.23547565937042236]], [[-0.2714594304561615]], [[-0.7553288340568542]], [[0.06029336526989937]], [[0.534544050693512]], [[0.2111116498708725]], [[-0.23229868710041046]], [[-0.2589685618877411]], [[-0.0059153735637664795]], [[0.6218134164810181]], [[0.39266765117645264]], [[-0.27512380480766296]], [[0.21074725687503815]], [[-0.06029575318098068]], [[-0.14970621466636658]], [[0.8158998489379883]], [[0.2311752438545227]], [[0.4752073884010315]], [[-0.09870501607656479]], [[0.21233302354812622]], [[-0.3344833254814148]], [[0.13512834906578064]], [[0.24495291709899902]], [[-0.2300572544336319]], [[0.17423304915428162]], [[-0.14559049904346466]], [[0.13004888594150543]], [[0.46537142992019653]], [[0.25257954001426697]], [[-0.6747088432312012]], [[0.32775238156318665]], [[1.02959144115448]], [[-0.3359461724758148]], [[-0.09728080779314041]], [[0.6009037494659424]], [[0.4699881970882416]], [[0.28765058517456055]], [[0.21852543950080872]], [[0.08396532386541367]], [[-0.22848162055015564]], [[-0.6730778813362122]], [[0.8854774236679077]], [[-0.10733593255281448]], [[-0.40401124954223633]], [[0.06498465687036514]], [[-0.082038514316082]], [[0.39594191312789917]], [[-0.28723350167274475]], [[-0.15158428251743317]], [[0.32364389300346375]], [[-0.22384490072727203]], [[-0.5786623954772949]], [[-0.497547447681427]], [[-0.29486390948295593]], [[-0.3103017508983612]], [[-0.05115196108818054]], [[0.5351926684379578]], [[0.005798626225441694]], [[0.877959132194519]], [[-0.8353843092918396]], [[0.4145112633705139]], [[-0.09664294123649597]], [[-0.6302877068519592]], [[-0.9428884387016296]], [[-0.984370231628418]], [[-0.46652379631996155]], [[-1.249240517616272]], [[-0.6507276296615601]], [[0.40556371212005615]], [[-0.086218923330307]], [[-0.08601240068674088]], [[0.2504052519798279]], [[-0.09601365774869919]], [[0.6509219408035278]], [[-0.2588423192501068]], [[0.18840935826301575]], [[-0.4675040543079376]], [[-0.12973615527153015]], [[1.149535894393921]], [[-0.20469199120998383]], [[-0.41276079416275024]], [[-0.5685633420944214]], [[-0.8178204298019409]], [[-0.7654051184654236]], [[-0.27717140316963196]], [[-0.5556015372276306]], [[0.08204139024019241]], [[-0.04131891578435898]], [[-0.11177251487970352]], [[0.254472941160202]], [[0.1590413898229599]], [[-0.20689067244529724]], [[0.6220301985740662]], [[0.21099795401096344]], [[-0.010700223036110401]], [[-0.09865844249725342]], [[0.1801104098558426]], [[-0.3416779637336731]], [[-0.23242898285388947]], [[-0.48052114248275757]], [[0.4116275906562805]], [[0.08575739711523056]], [[0.304990291595459]], [[0.15427657961845398]], [[-0.050513360649347305]], [[-0.014959215186536312]], [[-0.452571302652359]], [[-0.220675528049469]], [[-0.057138655334711075]], [[0.3883625268936157]], [[-0.07938320189714432]], [[-0.523690938949585]], [[-0.10887186229228973]], [[0.4088030457496643]], [[0.5359980463981628]], [[-0.08362073451280594]], [[0.10286875814199448]], [[0.05002714321017265]], [[0.19527727365493774]], [[-0.5561859607696533]], [[-0.022832484915852547]], [[-0.22130630910396576]], [[0.19091863930225372]], [[-0.10609070956707001]], [[0.007906407117843628]], [[-0.15790516138076782]], [[-0.09453621506690979]], [[-0.0273809302598238]], [[-0.35281801223754883]], [[0.33944928646087646]], [[0.11828191578388214]], [[-0.11829148232936859]], [[-0.23490621149539948]], [[0.15012069046497345]], [[0.24415819346904755]], [[0.10346876084804535]], [[0.003748686984181404]], [[-0.0407538041472435]], [[-0.00518918689340353]], [[-0.009755048900842667]], [[0.0763603150844574]], [[-0.2022572159767151]], [[0.056451234966516495]], [[-0.06470503658056259]], [[-0.23057931661605835]], [[-0.26981809735298157]], [[-0.020409392192959785]], [[0.27170178294181824]], [[0.07290259003639221]], [[-0.16694538295269012]], [[-0.36885866522789]], [[-0.5437666177749634]], [[-0.36824890971183777]], [[-0.22948198020458221]], [[-0.24784979224205017]], [[-0.03975031152367592]], [[-0.052406035363674164]], [[0.25561875104904175]], [[-0.13299399614334106]], [[0.25706368684768677]], [[-0.0612628310918808]], [[-0.11133583635091782]], [[-0.0627327710390091]], [[0.047490425407886505]], [[0.17244155704975128]], [[-0.06332194805145264]], [[-0.2187928408384323]], [[0.39663374423980713]], [[0.1625593602657318]], [[0.2943746745586395]], [[-0.015367061831057072]], [[-0.31781402230262756]], [[-0.0359782911837101]], [[0.09881081432104111]], [[-0.24815456569194794]], [[-0.6482108235359192]], [[0.044071014970541]], [[-0.06011849641799927]], [[0.027919210493564606]], [[-0.266640305519104]], [[-0.2785312831401825]], [[0.00548244034871459]], [[-0.2626594305038452]], [[-0.07409451901912689]], [[-0.01140287984162569]], [[-0.36872684955596924]], [[0.6195792555809021]], [[0.8178896903991699]], [[0.24105335772037506]], [[0.36019283533096313]], [[-0.07978925108909607]], [[-0.025864405557513237]], [[0.28826257586479187]], [[0.25097158551216125]], [[0.2771375775337219]], [[0.7508348226547241]], [[0.20503827929496765]], [[0.24570101499557495]], [[0.27152687311172485]], [[-0.5346311330795288]], [[-0.18712829053401947]], [[0.09824097156524658]], [[-0.15598224103450775]], [[-0.32873550057411194]], [[0.004932487849146128]], [[0.16337911784648895]], [[0.4963715672492981]], [[0.2522546052932739]], [[0.2188488095998764]], [[-0.06138600781559944]], 